<?xml version="1.0" encoding="UTF-8"?>
<!DOCTYPE mapper PUBLIC "-//mybatis.org//DTD Mapper 3.0//EN" "http://mybatis.org/dtd/mybatis-3-mapper.dtd">
<mapper namespace="com.bank.irce.ltgj.mapper.OnlineCheckInfoDao">
  <resultMap id="BaseResultMap" type="com.bank.irce.ltgj.entity.OnlineCheckInfo">
    <result column="RESULT_FLAG" jdbcType="VARCHAR" property="resultFlag" />
    <result column="TLRSEQ" jdbcType="VARCHAR" property="tlrseq" />
  </resultMap>
  <sql id="Example_Where_Clause">
    <where>
      <foreach collection="oredCriteria" item="criteria" separator="or">
        <if test="criteria.valid">
          <trim prefix="(" prefixOverrides="and" suffix=")">
            <foreach collection="criteria.criteria" item="criterion">
              <choose>
                <when test="criterion.noValue">
                  and ${criterion.condition}
                </when>
                <when test="criterion.singleValue">
                  and ${criterion.condition} #{criterion.value}
                </when>
                <when test="criterion.betweenValue">
                  and ${criterion.condition} #{criterion.value} and #{criterion.secondValue}
                </when>
                <when test="criterion.listValue">
                  and ${criterion.condition}
                  <foreach close=")" collection="criterion.value" item="listItem" open="(" separator=",">
                    #{listItem}
                  </foreach>
                </when>
              </choose>
            </foreach>
          </trim>
        </if>
      </foreach>
    </where>
  </sql>
  <sql id="Update_By_Example_Where_Clause">
    <where>
      <foreach collection="example.oredCriteria" item="criteria" separator="or">
        <if test="criteria.valid">
          <trim prefix="(" prefixOverrides="and" suffix=")">
            <foreach collection="criteria.criteria" item="criterion">
              <choose>
                <when test="criterion.noValue">
                  and ${criterion.condition}
                </when>
                <when test="criterion.singleValue">
                  and ${criterion.condition} #{criterion.value}
                </when>
                <when test="criterion.betweenValue">
                  and ${criterion.condition} #{criterion.value} and #{criterion.secondValue}
                </when>
                <when test="criterion.listValue">
                  and ${criterion.condition}
                  <foreach close=")" collection="criterion.value" item="listItem" open="(" separator=",">
                    #{listItem}
                  </foreach>
                </when>
              </choose>
            </foreach>
          </trim>
        </if>
      </foreach>
    </where>
  </sql>
  <sql id="Base_Column_List">
    RESULT_FLAG, TLRSEQ
  </sql>
  <select id="selectByExample" parameterType="com.bank.irce.ltgj.entity.OnlineCheckInfoExample" resultMap="BaseResultMap">
    select
    <if test="distinct">
      distinct
    </if>
    <include refid="Base_Column_List" />
    from ONLINE_CHECK_INFO
    <if test="_parameter != null">
      <include refid="Example_Where_Clause" />
    </if>
    <if test="orderByClause != null">
      order by ${orderByClause}
    </if>
  </select>
  <delete id="deleteByExample" parameterType="com.bank.irce.ltgj.entity.OnlineCheckInfoExample">
    delete from ONLINE_CHECK_INFO
    <if test="_parameter != null">
      <include refid="Example_Where_Clause" />
    </if>
  </delete>
  <insert id="insert" parameterType="com.bank.irce.ltgj.entity.OnlineCheckInfo">
    insert into ONLINE_CHECK_INFO (RESULT_FLAG, TLRSEQ)
    values (#{resultFlag,jdbcType=VARCHAR}, #{tlrseq,jdbcType=VARCHAR})
  </insert>
  <insert id="insertSelective" parameterType="com.bank.irce.ltgj.entity.OnlineCheckInfo">
    insert into ONLINE_CHECK_INFO
    <trim prefix="(" suffix=")" suffixOverrides=",">
      <if test="resultFlag != null">
        RESULT_FLAG,
      </if>
      <if test="tlrseq != null">
        TLRSEQ,
      </if>
    </trim>
    <trim prefix="values (" suffix=")" suffixOverrides=",">
      <if test="resultFlag != null">
        #{resultFlag,jdbcType=VARCHAR},
      </if>
      <if test="tlrseq != null">
        #{tlrseq,jdbcType=VARCHAR},
      </if>
    </trim>
  </insert>
  <select id="countByExample" parameterType="com.bank.irce.ltgj.entity.OnlineCheckInfoExample" resultType="java.lang.Long">
    select count(*) from ONLINE_CHECK_INFO
    <if test="_parameter != null">
      <include refid="Example_Where_Clause" />
    </if>
  </select>
  <update id="updateByExampleSelective" parameterType="map">
    update ONLINE_CHECK_INFO
    <set>
      <if test="record.resultFlag != null">
        RESULT_FLAG = #{record.resultFlag,jdbcType=VARCHAR},
      </if>
      <if test="record.tlrseq != null">
        TLRSEQ = #{record.tlrseq,jdbcType=VARCHAR},
      </if>
    </set>
    <if test="_parameter != null">
      <include refid="Update_By_Example_Where_Clause" />
    </if>
  </update>
  <update id="updateByExample" parameterType="map">
    update ONLINE_CHECK_INFO
    set RESULT_FLAG = #{record.resultFlag,jdbcType=VARCHAR},
      TLRSEQ = #{record.tlrseq,jdbcType=VARCHAR}
    <if test="_parameter != null">
      <include refid="Update_By_Example_Where_Clause" />
    </if>
  </update>
</mapper>